{
  "apiVersion": "v1",
  "data": {
    "redis.conf": "protected-mode no\n\nport 6379\n\ntimeout 0\ntcp-keepalive 300\n\ndaemonize no\nsupervised no\n\nloglevel notice\n\ndatabases 16\n\nsave 900 1\nsave 300 10\nsave 60 10000\n\nstop-writes-on-bgsave-error yes\n\nrdbcompression yes\nrdbchecksum yes\n\ndbfilename dump.rdb\n\nslave-serve-stale-data yes\nslave-read-only yes\n\nrepl-diskless-sync no\nrepl-disable-tcp-nodelay no\n\nappendonly yes\nappendfilename \"appendonly.aof\"\nappendfsync everysec\nno-appendfsync-on-rewrite no\nauto-aof-rewrite-percentage 100\nauto-aof-rewrite-min-size 64mb\naof-load-truncated yes\n\nlua-time-limit 5000\n\nactiverehashing no\n\naof-rewrite-incremental-fsync yes\ndir /var/lib/redis/data\n"
  },
  "kind": "ConfigMap",
  "metadata": {
    "creationTimestamp": null,
    "labels": {
      "app": "3scale-api-management",
      "threescale_component": "system",
      "threescale_component_element": "redis"
    },
    "name": "redis-config"
  }
}
